t,k6_cpu_s,k6_rss_kb,vm_pressure_level,memstatus_level,swap_used_mb,gateway_cpu_s,gateway_rss_kb,rag_server_cpu_s,rag_server_rss_kb,redis_cpu_s,redis_rss_kb,ollama_serve_cpu_s,ollama_serve_rss_kb,llm_runner_cpu_s,llm_runner_rss_kb,embed_runner_cpu_s,embed_runner_rss_kb
1.022,0.11,46048,2,41,8469.69,7.17,21248,2.17,11968,2646.4,2816,11.31,25952,15.88,14272,3.82,287200
2.014,0.16,47312,2,41,8469.69,,,,,,,,,,,,
3.012,0.2,48208,2,41,8469.69,,,,,,,,,,,,
4.011,0.28,49264,2,41,8469.69,,,,,,,,,,,,
5.010,0.33,49632,2,41,8469.69,,,,,,,,,,,,
6.026,0.37,49712,2,41,8469.69,7.34,21248,2.18,11968,2646.44,2816,11.31,25952,15.89,14272,3.84,286000
7.013,0.42,49776,2,41,8469.69,,,,,,,,,,,,
8.013,0.49,50272,2,40,8469.69,,,,,,,,,,,,
9.013,0.55,50496,2,41,8469.69,,,,,,,,,,,,
10.013,0.59,50576,2,41,8469.69,,,,,,,,,,,,
11.022,0.62,50592,2,41,8469.69,7.5,21248,2.19,11968,2646.47,2816,11.31,25952,15.9,14272,3.86,286000
12.013,0.7,50784,2,41,8469.69,,,,,,,,,,,,
13.013,0.75,50960,2,41,8469.69,,,,,,,,,,,,
14.010,0.79,50992,2,41,8469.69,,,,,,,,,,,,
15.011,0.84,50992,2,41,8469.69,,,,,,,,,,,,
16.026,0.89,51008,2,41,8469.69,7.67,21248,2.19,11968,2646.5,2816,11.31,25952,15.91,14272,3.88,286000
17.013,0.96,51008,2,41,8469.69,,,,,,,,,,,,
18.011,1.01,51008,2,41,8469.69,,,,,,,,,,,,
19.013,1.05,51008,2,41,8469.69,,,,,,,,,,,,
20.013,1.1,51040,2,41,8469.69,,,,,,,,,,,,
21.022,1.16,51200,2,41,8469.69,7.83,21264,2.2,11968,2646.53,2816,11.31,25952,15.92,14272,3.9,286000
22.013,1.21,51200,2,41,8469.69,,,,,,,,,,,,
23.004,1.26,51200,2,41,8469.69,,,,,,,,,,,,
24.013,1.3,51200,2,41,8469.69,,,,,,,,,,,,
25.011,1.34,51232,2,41,8469.69,,,,,,,,,,,,
26.023,1.41,51280,2,41,8469.69,8.0,21296,2.21,11968,2646.56,2816,11.31,25952,15.92,14272,3.92,286000
27.013,1.46,51312,2,41,8469.69,,,,,,,,,,,,
28.013,1.51,51376,2,41,8469.69,,,,,,,,,,,,
29.013,1.55,51376,2,41,8469.69,,,,,,,,,,,,
30.012,1.62,51392,2,41,8469.69,,,,,,,,,,,,
31.026,1.66,51392,2,41,8469.69,8.16,21296,2.22,11968,2646.6,2816,11.31,25952,15.93,14272,3.94,286000
32.013,1.71,51408,2,41,8469.69,,,,,,,,,,,,
33.013,1.75,51488,2,41,8469.69,,,,,,,,,,,,
34.010,1.82,51520,2,41,8469.69,,,,,,,,,,,,
35.012,1.88,51536,2,41,8469.69,,,,,,,,,,,,
36.024,1.93,51536,2,41,8469.69,8.34,21472,2.23,11952,2646.63,2800,11.31,25920,15.95,14272,3.96,286000
37.013,1.97,48368,2,40,8469.69,,,,,,,,,,,,
38.019,2.01,48352,2,41,8469.69,,,,,,,,,,,,
39.015,2.05,48448,2,42,8469.69,,,,,,,,,,,,
40.016,2.09,48960,2,41,8469.69,,,,,,,,,,,,
41.019,2.14,50240,2,41,8469.69,8.48,17760,2.23,11936,2646.66,2784,11.31,21568,15.95,13488,3.98,281184
42.018,2.19,50256,2,41,8469.69,,,,,,,,,,,,
43.086,2.21,49968,2,37,8453.69,,,,,,,,,,,,
44.022,2.23,49952,2,33,8445.69,,,,,,,,,,,,
45.009,2.26,43408,2,32,8445.69,,,,,,,,,,,,
46.020,2.31,48688,2,35,8445.69,8.59,16560,2.24,11872,2646.68,2800,11.31,14784,15.96,13136,4.0,280864
47.010,2.35,49104,2,34,8437.69,,,,,,,,,,,,
48.010,2.38,45424,2,33,8437.69,,,,,,,,,,,,
49.008,2.42,46624,2,35,8437.69,,,,,,,,,,,,
50.010,2.46,47104,2,34,8437.69,,,,,,,,,,,,
51.016,2.49,47968,2,35,8437.69,8.72,20624,2.24,11904,2646.71,2688,11.31,14800,15.98,13168,4.02,280880
52.010,2.53,48960,2,36,8437.69,,,,,,,,,,,,
53.007,2.6,50352,2,37,8437.69,,,,,,,,,,,,
54.011,2.64,50368,2,38,8437.69,,,,,,,,,,,,
55.012,2.68,50368,2,37,8437.69,,,,,,,,,,,,
56.020,2.72,50416,2,38,8437.69,8.86,20832,2.25,11920,2646.74,2688,11.31,14800,15.99,13168,4.05,280896
57.010,2.76,50496,2,38,8437.69,,,,,,,,,,,,
58.011,2.8,50608,2,38,8437.69,,,,,,,,,,,,
59.010,2.86,50816,2,36,8437.69,,,,,,,,,,,,
60.010,2.9,50816,2,37,8437.69,,,,,,,,,,,,
